song_id,song_name,artist,date_released,song_genre,song_length_secs,emotion
0,Silence,Field Music,2020-01-10,Easy Listening,40
1,Coffee Or Wine,Field Music,2020-01-10,Easy Listening,183
2,Best Kept Garden,Field Music,2020-01-10,Easy Listening,174
3,I Thought You Were Something Else,Field Music,2020-01-10,Easy Listening,72
4,Between Nations,Field Music,2020-01-10,Easy Listening,245
5,A Change of Heir,Field Music,2020-01-10,Easy Listening,159
6,Do You Read Me?,Field Music,2020-01-10,Easy Listening,260
7,"From a Dream, Into My Arms",Field Music,2020-01-10,Easy Listening,80
8,Beyond That of Courtesy,Field Music,2020-01-10,Easy Listening,133
9,A Shot to the Arm,Field Music,2020-01-10,Easy Listening,152
10,A Common Language Pt. 1,Field Music,2020-01-10,Easy Listening,121
11,A Common Language Pt. 2,Field Music,2020-01-10,Easy Listening,32
12,Nikon Pt. 1,Field Music,2020-01-10,Easy Listening,154
13,Nikon Pt. 2,Field Music,2020-01-10,Easy Listening,54
14,If the Wind Blows Towards the Hospital,Field Music,2020-01-10,Easy Listening,87
15,Only in a Man's World,Field Music,2020-01-10,Easy Listening,166
16,Money Is a Memory,Field Music,2020-01-10,Easy Listening,213
17,An Independent State,Field Music,2020-01-10,Easy Listening,160
